<?xml version = '1.0' encoding = 'UTF-8'?>
<Entity class="oracle.dbtools.crest.model.design.logical.Entity" directorySegmentName="seg_0" id="13DC7368-362C-FB1E-04F5-D1D914361C7A" name="VALIDACION_SERVICIO">
<createdBy>nicolas</createdBy>
<createdTime>2024-08-31 22:05:09 UTC</createdTime>
<ownerDesignName>Exp2_S4</ownerDesignName>
<engineerTo>
<item key="881601A3-29A2-C5A9-AEA7-0880FF60A02F" value="true"/>
</engineerTo>
<adequatelyNormalized>NO</adequatelyNormalized>
<expectedVolumes>0</expectedVolumes>
<fwdEngineeringStrategyName>Single Table</fwdEngineeringStrategyName>
<growthPercent>0</growthPercent>
<growthType>Year</growthType>
<maxVolumes>9999999</maxVolumes>
<minVolumes>0</minVolumes>
<normalForm>Third</normalForm>
<attributes itemClass="oracle.dbtools.crest.model.design.logical.Attribute">
<Attribute name="codigo_validacion" id="54E6E6CD-AABC-D58F-6E04-A36D30C3C20D">
<createdBy>nicolas</createdBy>
<createdTime>2024-08-31 22:05:49 UTC</createdTime>
<ownerDesignName>Exp2_S4</ownerDesignName>
<engineerTo>
<item key="881601A3-29A2-C5A9-AEA7-0880FF60A02F" value="true"/>
</engineerTo>
<useDomainConstraints>false</useDomainConstraints>
<use>1</use>
<logicalDatatype>LOGDT024</logicalDatatype>
<dataTypeSize>20</dataTypeSize>
<ownDataTypeParameters>20,,</ownDataTypeParameters>
</Attribute>
<Attribute name="esta_aprobado" id="13E5A4B3-275D-6161-6523-A095EE655323">
<createdBy>nicolas</createdBy>
<createdTime>2024-08-31 22:06:21 UTC</createdTime>
<ownerDesignName>Exp2_S4</ownerDesignName>
<engineerTo>
<item key="881601A3-29A2-C5A9-AEA7-0880FF60A02F" value="true"/>
</engineerTo>
<useDomainConstraints>false</useDomainConstraints>
<use>1</use>
<logicalDatatype>LOGDT006</logicalDatatype>
<dataTypeSize>1</dataTypeSize>
<ownDataTypeParameters>1,,</ownDataTypeParameters>
</Attribute>
<Attribute name="comentario_validacion" id="8AB4B227-18E0-D9AD-54D7-51DC9B1374FD">
<createdBy>nicolas</createdBy>
<createdTime>2024-08-31 22:08:50 UTC</createdTime>
<ownerDesignName>Exp2_S4</ownerDesignName>
<engineerTo>
<item key="881601A3-29A2-C5A9-AEA7-0880FF60A02F" value="true"/>
</engineerTo>
<useDomainConstraints>false</useDomainConstraints>
<use>1</use>
<logicalDatatype>LOGDT024</logicalDatatype>
<dataTypeSize>150</dataTypeSize>
<ownDataTypeParameters>150,,</ownDataTypeParameters>
</Attribute>
<Attribute name="codigo_servicio" id="12CF8935-25FA-683B-B113-0B0E7BB9BDCA">
<createdBy>nicolas</createdBy>
<createdTime>2024-08-31 22:38:59 UTC</createdTime>
<generatorID>18917F36-9A90-0D58-35E2-27C4C9D0033C</generatorID>
<ownerDesignName>Exp2_S4</ownerDesignName>
<engineerTo>
<item key="881601A3-29A2-C5A9-AEA7-0880FF60A02F" value="true"/>
</engineerTo>
<referedAttribute>BA4A6222-8E09-FF0D-56AA-7AE7C59BA9E2</referedAttribute>
<useDomainConstraints>false</useDomainConstraints>
<use>1</use>
<logicalDatatype>LOGDT024</logicalDatatype>
<dataTypeSize>20</dataTypeSize>
<ownDataTypeParameters>,,</ownDataTypeParameters>
</Attribute>
</attributes>
<identifiers itemClass="oracle.dbtools.crest.model.design.logical.CandidateKey">
<identifier id="0F89D2A5-7729-9044-5C2C-3538E9F3C8D2" name="VALIDACION_SERVICIO PK">
<createdBy>nicolas</createdBy>
<createdTime>2024-08-31 22:41:43 UTC</createdTime>
<ownerDesignName>Exp2_S4</ownerDesignName>
<engineerTo>
<item key="881601A3-29A2-C5A9-AEA7-0880FF60A02F" value="true"/>
</engineerTo>
<pk>true</pk>
<usedAttributes>
<attributeRef>54E6E6CD-AABC-D58F-6E04-A36D30C3C20D</attributeRef>
</usedAttributes>
</identifier>
</identifiers>
</Entity>