<?xml version = '1.0' encoding = 'UTF-8'?>
<Entity class="oracle.dbtools.crest.model.design.logical.Entity" directorySegmentName="seg_0" id="4B47982B-29EE-5B26-67A5-054FAF42D29A" name="SERVICIO">
<createdBy>nicolas</createdBy>
<createdTime>2024-08-31 21:48:32 UTC</createdTime>
<ownerDesignName>Exp2_S4</ownerDesignName>
<engineerTo>
<item key="881601A3-29A2-C5A9-AEA7-0880FF60A02F" value="true"/>
</engineerTo>
<adequatelyNormalized>NO</adequatelyNormalized>
<expectedVolumes>0</expectedVolumes>
<fwdEngineeringStrategyName>Single Table</fwdEngineeringStrategyName>
<growthPercent>0</growthPercent>
<growthType>Year</growthType>
<maxVolumes>9999999</maxVolumes>
<minVolumes>0</minVolumes>
<normalForm>Third</normalForm>
<attributes itemClass="oracle.dbtools.crest.model.design.logical.Attribute">
<Attribute name="codigo_servicio" id="BA4A6222-8E09-FF0D-56AA-7AE7C59BA9E2">
<createdBy>nicolas</createdBy>
<createdTime>2024-08-31 21:48:41 UTC</createdTime>
<ownerDesignName>Exp2_S4</ownerDesignName>
<engineerTo>
<item key="881601A3-29A2-C5A9-AEA7-0880FF60A02F" value="true"/>
</engineerTo>
<useDomainConstraints>false</useDomainConstraints>
<use>1</use>
<logicalDatatype>LOGDT024</logicalDatatype>
<dataTypeSize>20</dataTypeSize>
<ownDataTypeParameters>20,,</ownDataTypeParameters>
</Attribute>
<Attribute name="tipo_servicio" id="7DF2EF9F-3788-EAC2-9793-5C823F4A3AB6">
<createdBy>nicolas</createdBy>
<createdTime>2024-08-31 21:50:42 UTC</createdTime>
<ownerDesignName>Exp2_S4</ownerDesignName>
<engineerTo>
<item key="881601A3-29A2-C5A9-AEA7-0880FF60A02F" value="true"/>
</engineerTo>
<useDomainConstraints>false</useDomainConstraints>
<use>1</use>
<logicalDatatype>LOGDT024</logicalDatatype>
<dataTypeSize>30</dataTypeSize>
<ownDataTypeParameters>30,,</ownDataTypeParameters>
</Attribute>
<Attribute name="descripcion_servicio" id="A54655DC-E697-5100-9E46-C6F38EFEA5D1">
<createdBy>nicolas</createdBy>
<createdTime>2024-08-31 22:03:40 UTC</createdTime>
<ownerDesignName>Exp2_S4</ownerDesignName>
<engineerTo>
<item key="881601A3-29A2-C5A9-AEA7-0880FF60A02F" value="true"/>
</engineerTo>
<useDomainConstraints>false</useDomainConstraints>
<use>1</use>
<logicalDatatype>LOGDT024</logicalDatatype>
<dataTypeSize>150</dataTypeSize>
<ownDataTypeParameters>150,,</ownDataTypeParameters>
</Attribute>
<Attribute name="codigo_validacion" id="6EF5600D-DAD9-8FB9-CE0C-0C261AFD9A15">
<createdBy>nicolas</createdBy>
<createdTime>2024-08-31 22:41:44 UTC</createdTime>
<generatorID>18917F36-9A90-0D58-35E2-27C4C9D0033C</generatorID>
<ownerDesignName>Exp2_S4</ownerDesignName>
<engineerTo>
<item key="881601A3-29A2-C5A9-AEA7-0880FF60A02F" value="true"/>
</engineerTo>
<referedAttribute>54E6E6CD-AABC-D58F-6E04-A36D30C3C20D</referedAttribute>
<useDomainConstraints>false</useDomainConstraints>
<use>1</use>
<logicalDatatype>LOGDT024</logicalDatatype>
<dataTypeSize>20</dataTypeSize>
<ownDataTypeParameters>20,,</ownDataTypeParameters>
</Attribute>
<Attribute name="codigo_orden" id="E2970807-232E-8634-66E0-7773DA38A344">
<createdBy>nicolas</createdBy>
<createdTime>2024-08-31 23:55:42 UTC</createdTime>
<generatorID>55E7F243-6A97-5634-DD83-F096BE7E7632</generatorID>
<ownerDesignName>Exp2_S4</ownerDesignName>
<engineerTo>
<item key="881601A3-29A2-C5A9-AEA7-0880FF60A02F" value="true"/>
</engineerTo>
<referedAttribute>2DB784FC-167D-F77D-183A-0FA283AF740E</referedAttribute>
<useDomainConstraints>false</useDomainConstraints>
<use>1</use>
<logicalDatatype>LOGDT024</logicalDatatype>
<dataTypeSize>20</dataTypeSize>
<ownDataTypeParameters>20,,</ownDataTypeParameters>
</Attribute>
<Attribute name="codigo_seguimiento" id="0913036D-DFB8-3A67-40C2-561A2C1D8524">
<createdBy>nicolas</createdBy>
<createdTime>2024-09-03 00:30:19 UTC</createdTime>
<generatorID>E75F5062-DACA-2AF9-82F9-2D7D3CF3F299</generatorID>
<ownerDesignName>Exp2_S4</ownerDesignName>
<engineerTo>
<item key="881601A3-29A2-C5A9-AEA7-0880FF60A02F" value="true"/>
</engineerTo>
<referedAttribute>666261D3-FA95-2AA7-0A25-82D4C15983C1</referedAttribute>
<useDomainConstraints>false</useDomainConstraints>
<use>1</use>
<logicalDatatype>LOGDT024</logicalDatatype>
<dataTypeSize>20</dataTypeSize>
<ownDataTypeParameters>,,</ownDataTypeParameters>
</Attribute>
</attributes>
<identifiers itemClass="oracle.dbtools.crest.model.design.logical.CandidateKey">
<identifier id="D9D838ED-0061-B7F6-BBCA-EEEB2F9425AC" name="SERVICIO PK">
<createdBy>nicolas</createdBy>
<createdTime>2024-08-31 22:38:58 UTC</createdTime>
<ownerDesignName>Exp2_S4</ownerDesignName>
<engineerTo>
<item key="881601A3-29A2-C5A9-AEA7-0880FF60A02F" value="true"/>
</engineerTo>
<pk>true</pk>
<usedAttributes>
<attributeRef>BA4A6222-8E09-FF0D-56AA-7AE7C59BA9E2</attributeRef>
</usedAttributes>
</identifier>
</identifiers>
</Entity>