<?xml version = '1.0' encoding = 'UTF-8'?>
<Entity class="oracle.dbtools.crest.model.design.logical.Entity" directorySegmentName="seg_0" id="4C2878E7-7298-4746-80A4-A76D0E41E2F2" name="ORDEN_SERVICIO">
<createdBy>nicolas</createdBy>
<createdTime>2024-08-31 02:53:05 UTC</createdTime>
<ownerDesignName>Exp2_S4</ownerDesignName>
<engineerTo>
<item key="881601A3-29A2-C5A9-AEA7-0880FF60A02F" value="true"/>
</engineerTo>
<adequatelyNormalized>NO</adequatelyNormalized>
<expectedVolumes>0</expectedVolumes>
<fwdEngineeringStrategyName>Single Table</fwdEngineeringStrategyName>
<growthPercent>0</growthPercent>
<growthType>Year</growthType>
<maxVolumes>9999999</maxVolumes>
<minVolumes>0</minVolumes>
<normalForm>Third</normalForm>
<attributes itemClass="oracle.dbtools.crest.model.design.logical.Attribute">
<Attribute name="codigo_orden" id="2DB784FC-167D-F77D-183A-0FA283AF740E">
<createdBy>nicolas</createdBy>
<createdTime>2024-08-31 02:53:05 UTC</createdTime>
<ownerDesignName>Exp2_S4</ownerDesignName>
<engineerTo>
<item key="881601A3-29A2-C5A9-AEA7-0880FF60A02F" value="true"/>
</engineerTo>
<useDomainConstraints>false</useDomainConstraints>
<use>1</use>
<logicalDatatype>LOGDT024</logicalDatatype>
<dataTypeSize>20</dataTypeSize>
<ownDataTypeParameters>20,,</ownDataTypeParameters>
</Attribute>
<Attribute name="fecha_ingreso" id="830BF3EB-AE83-5A4B-4BEF-5B1A70BBB11E">
<createdBy>nicolas</createdBy>
<createdTime>2024-08-31 20:57:17 UTC</createdTime>
<ownerDesignName>Exp2_S4</ownerDesignName>
<engineerTo>
<item key="881601A3-29A2-C5A9-AEA7-0880FF60A02F" value="true"/>
</engineerTo>
<useDomainConstraints>false</useDomainConstraints>
<use>1</use>
<logicalDatatype>LOGDT007</logicalDatatype>
<ownDataTypeParameters>,,</ownDataTypeParameters>
</Attribute>
<Attribute name="patente" id="B50FBC47-3C89-C9DD-3433-27486D536313">
<createdBy>nicolas</createdBy>
<createdTime>2024-08-31 21:46:19 UTC</createdTime>
<generatorID>BA812CC5-09B6-5B95-1A84-38A472FDD859</generatorID>
<ownerDesignName>Exp2_S4</ownerDesignName>
<engineerTo>
<item key="881601A3-29A2-C5A9-AEA7-0880FF60A02F" value="true"/>
</engineerTo>
<referedAttribute>D92E84FC-08BF-60D8-F006-FFEFB660E285</referedAttribute>
<useDomainConstraints>false</useDomainConstraints>
<use>1</use>
<logicalDatatype>LOGDT025</logicalDatatype>
<dataTypeSize>6</dataTypeSize>
<ownDataTypeParameters>6,,</ownDataTypeParameters>
</Attribute>
<Attribute name="codigo_servicio" id="877FD694-0377-78C4-8251-9C64DCBB385F">
<createdBy>nicolas</createdBy>
<createdTime>2024-08-31 22:38:59 UTC</createdTime>
<generatorID>55E7F243-6A97-5634-DD83-F096BE7E7632</generatorID>
<ownerDesignName>Exp2_S4</ownerDesignName>
<engineerTo>
<item key="881601A3-29A2-C5A9-AEA7-0880FF60A02F" value="true"/>
</engineerTo>
<referedAttribute>BA4A6222-8E09-FF0D-56AA-7AE7C59BA9E2</referedAttribute>
<useDomainConstraints>false</useDomainConstraints>
<use>1</use>
<logicalDatatype>LOGDT024</logicalDatatype>
<dataTypeSize>20</dataTypeSize>
<ownDataTypeParameters>20,,</ownDataTypeParameters>
</Attribute>
</attributes>
<identifiers itemClass="oracle.dbtools.crest.model.design.logical.CandidateKey">
<identifier id="D164A3EF-E9CE-77F0-10F4-E6C813FD5673" name="ORDEN_SERVICIO PK">
<createdBy>nicolas</createdBy>
<createdTime>2024-08-31 22:32:42 UTC</createdTime>
<ownerDesignName>Exp2_S4</ownerDesignName>
<engineerTo>
<item key="881601A3-29A2-C5A9-AEA7-0880FF60A02F" value="true"/>
</engineerTo>
<pk>true</pk>
<usedAttributes>
<attributeRef>2DB784FC-167D-F77D-183A-0FA283AF740E</attributeRef>
</usedAttributes>
</identifier>
</identifiers>
</Entity>