<?xml version = '1.0' encoding = 'UTF-8'?>
<Entity class="oracle.dbtools.crest.model.design.logical.Entity" directorySegmentName="seg_0" id="EB09A0EA-B555-00D4-8A82-C24FE92275F0" name="REPUESTO">
<createdBy>nicolas</createdBy>
<createdTime>2024-08-31 21:54:39 UTC</createdTime>
<ownerDesignName>Exp2_S4</ownerDesignName>
<engineerTo>
<item key="881601A3-29A2-C5A9-AEA7-0880FF60A02F" value="true"/>
</engineerTo>
<adequatelyNormalized>NO</adequatelyNormalized>
<expectedVolumes>0</expectedVolumes>
<fwdEngineeringStrategyName>Single Table</fwdEngineeringStrategyName>
<growthPercent>0</growthPercent>
<growthType>Year</growthType>
<maxVolumes>9999999</maxVolumes>
<minVolumes>0</minVolumes>
<normalForm>Third</normalForm>
<attributes itemClass="oracle.dbtools.crest.model.design.logical.Attribute">
<Attribute name="codigo_repuesto" id="FA5F01F4-3C0F-F707-9C2B-B165E1C1F92E">
<createdBy>nicolas</createdBy>
<createdTime>2024-08-31 21:54:51 UTC</createdTime>
<ownerDesignName>Exp2_S4</ownerDesignName>
<engineerTo>
<item key="881601A3-29A2-C5A9-AEA7-0880FF60A02F" value="true"/>
</engineerTo>
<useDomainConstraints>false</useDomainConstraints>
<use>1</use>
<logicalDatatype>LOGDT024</logicalDatatype>
<dataTypeSize>20</dataTypeSize>
<ownDataTypeParameters>20,,</ownDataTypeParameters>
</Attribute>
<Attribute name="nombre_repuesto" id="F4740BAB-C1E9-69A8-B344-9444C0CB1A55">
<createdBy>nicolas</createdBy>
<createdTime>2024-08-31 21:55:46 UTC</createdTime>
<ownerDesignName>Exp2_S4</ownerDesignName>
<engineerTo>
<item key="881601A3-29A2-C5A9-AEA7-0880FF60A02F" value="true"/>
</engineerTo>
<useDomainConstraints>false</useDomainConstraints>
<use>1</use>
<logicalDatatype>LOGDT024</logicalDatatype>
<dataTypeSize>30</dataTypeSize>
<ownDataTypeParameters>30,,</ownDataTypeParameters>
</Attribute>
<Attribute name="cantidad" id="E031FDDC-FC13-C698-1B94-B2B99DDCEA7C">
<createdBy>nicolas</createdBy>
<createdTime>2024-08-31 21:56:08 UTC</createdTime>
<ownerDesignName>Exp2_S4</ownerDesignName>
<engineerTo>
<item key="881601A3-29A2-C5A9-AEA7-0880FF60A02F" value="true"/>
</engineerTo>
<useDomainConstraints>false</useDomainConstraints>
<use>1</use>
<logicalDatatype>LOGDT019</logicalDatatype>
<dataTypePrecision>2</dataTypePrecision>
<ownDataTypeParameters>,2,</ownDataTypeParameters>
</Attribute>
<Attribute name="codigo_servicio" id="A796644B-6D6F-59F3-CAD4-BBB65D089B24">
<createdBy>nicolas</createdBy>
<createdTime>2024-08-31 22:38:59 UTC</createdTime>
<generatorID>478C9C45-634A-7BDA-6C2C-7AFF8F030E64</generatorID>
<ownerDesignName>Exp2_S4</ownerDesignName>
<engineerTo>
<item key="881601A3-29A2-C5A9-AEA7-0880FF60A02F" value="true"/>
</engineerTo>
<referedAttribute>BA4A6222-8E09-FF0D-56AA-7AE7C59BA9E2</referedAttribute>
<useDomainConstraints>false</useDomainConstraints>
<use>1</use>
<logicalDatatype>LOGDT024</logicalDatatype>
<dataTypeSize>20</dataTypeSize>
<ownDataTypeParameters>20,,</ownDataTypeParameters>
</Attribute>
</attributes>
<identifiers itemClass="oracle.dbtools.crest.model.design.logical.CandidateKey">
<identifier id="F93011C0-0AA6-E9A6-440C-E255372789D2" name="REPUESTO PK">
<createdBy>nicolas</createdBy>
<createdTime>2024-08-31 22:40:18 UTC</createdTime>
<ownerDesignName>Exp2_S4</ownerDesignName>
<engineerTo>
<item key="881601A3-29A2-C5A9-AEA7-0880FF60A02F" value="true"/>
</engineerTo>
<pk>true</pk>
<usedAttributes>
<attributeRef>FA5F01F4-3C0F-F707-9C2B-B165E1C1F92E</attributeRef>
</usedAttributes>
</identifier>
</identifiers>
</Entity>