<?xml version = '1.0' encoding = 'UTF-8'?>
<Diagram class="oracle.dbtools.crest.swingui.logical.DPVLogical" name="Logical" id="E79220D1-D46D-0211-C069-1D5CE87089D7">
<createdBy>nicolas</createdBy>
<modifiedBy>nicolas</modifiedBy>
<createdTime>2024-08-31 01:27:49 UTC</createdTime>
<autoRoute>false</autoRoute>
<boxInbox>true</boxInbox>
<showLegend>false</showLegend>
<showLabels>true</showLabels>
<showRelAttributes>false</showRelAttributes>
<gridEnabled>true</gridEnabled>
<showGrid>true</showGrid>
<diagramColor>-1</diagramColor>
<display>false</display>
<notation>1</notation>
<objectViews>
<OView class="oracle.dbtools.crest.swingui.logical.TVEntity" oid="13DC7368-362C-FB1E-04F5-D1D914361C7A" otype="Entity" vid="53FEE3EF-5B0A-F06B-ACC5-93E86A68028C">
<hideElementsInCurrentOnly>false</hideElementsInCurrentOnly>
<bounds x="180" y="330" width="251" height="110"/>
</OView>
<OView class="oracle.dbtools.crest.swingui.logical.TVEntity" oid="4B47982B-29EE-5B26-67A5-054FAF42D29A" otype="Entity" vid="EF9CD59E-30F1-03F6-116E-B89C8AFFF0DB">
<hideElementsInCurrentOnly>false</hideElementsInCurrentOnly>
<bounds x="580" y="330" width="251" height="131"/>
</OView>
<OView class="oracle.dbtools.crest.swingui.logical.TVEntity" oid="4C2878E7-7298-4746-80A4-A76D0E41E2F2" otype="Entity" vid="8018791B-6843-F0C7-8021-1ACA61CDD558">
<hideElementsInCurrentOnly>false</hideElementsInCurrentOnly>
<bounds x="580" y="100" width="251" height="131"/>
</OView>
<OView class="oracle.dbtools.crest.swingui.logical.TVEntity" oid="6D84BA59-FC19-2C7D-C930-97CEF7DA0BA5" otype="Entity" vid="C313AD61-E6DA-59C3-09D9-3CB025E1DEBF">
<hideElementsInCurrentOnly>false</hideElementsInCurrentOnly>
<bounds x="180" y="100" width="251" height="169"/>
</OView>
<OView class="oracle.dbtools.crest.swingui.logical.TVEntity" oid="E2EA175C-6476-4CA7-D764-77DC4A32E249" otype="Entity" vid="E06B8F30-DDA3-C911-D628-8F8F45128791">
<hideElementsInCurrentOnly>false</hideElementsInCurrentOnly>
<bounds x="180" y="550" width="251" height="110"/>
</OView>
<OView class="oracle.dbtools.crest.swingui.logical.TVEntity" oid="EB09A0EA-B555-00D4-8A82-C24FE92275F0" otype="Entity" vid="804F68ED-28DC-E6CF-5536-AE35430F1335">
<hideElementsInCurrentOnly>false</hideElementsInCurrentOnly>
<bounds x="970" y="330" width="251" height="110"/>
</OView>
<OView class="oracle.dbtools.crest.swingui.logical.TVEntity" oid="F7A719B0-066A-CABD-0E67-117A41B94215" otype="Entity" vid="79E96539-1B6E-45A6-1940-B133F4D961FA">
<hideElementsInCurrentOnly>false</hideElementsInCurrentOnly>
<bounds x="580" y="550" width="251" height="110"/>
</OView>
<OView class="oracle.dbtools.crest.swingui.logical.TVEntity" oid="FCF45DAD-40E9-D9E6-AF6B-F7BB8E9F7EE5" otype="Entity" vid="B7E95129-F887-9B05-5D3E-1D35E09207EF">
<hideElementsInCurrentOnly>false</hideElementsInCurrentOnly>
<bounds x="970" y="100" width="251" height="131"/>
</OView>
</objectViews>
<connectors>
<Connector class="oracle.dbtools.crest.swingui.logical.TVRelation" oid="175A61BC-B283-1CF4-EFFE-09181453AD9B" otype="Relation" vid_source="79E96539-1B6E-45A6-1940-B133F4D961FA" vid_target="E06B8F30-DDA3-C911-D628-8F8F45128791">
<hideElementsInCurrentOnly>false</hideElementsInCurrentOnly>
<backgroundColor>-16777216</backgroundColor>
<lineWidth>1</lineWidth>
<points>
<point x="580" y="605"/>
<point x="431" y="605"/>
</points>
</Connector>
<Connector class="oracle.dbtools.crest.swingui.logical.TVRelation" oid="18917F36-9A90-0D58-35E2-27C4C9D0033C" otype="Relation" vid_source="53FEE3EF-5B0A-F06B-ACC5-93E86A68028C" vid_target="EF9CD59E-30F1-03F6-116E-B89C8AFFF0DB">
<hideElementsInCurrentOnly>false</hideElementsInCurrentOnly>
<backgroundColor>-16777216</backgroundColor>
<lineWidth>1</lineWidth>
<points>
<point x="431" y="385"/>
<point x="580" y="385"/>
</points>
</Connector>
<Connector class="oracle.dbtools.crest.swingui.logical.TVRelation" oid="2FE3C39E-19B8-94CF-5409-AFA1B95A4114" otype="Relation" vid_source="C313AD61-E6DA-59C3-09D9-3CB025E1DEBF" vid_target="8018791B-6843-F0C7-8021-1ACA61CDD558">
<hideElementsInCurrentOnly>false</hideElementsInCurrentOnly>
<backgroundColor>-16777216</backgroundColor>
<lineWidth>1</lineWidth>
<points>
<point x="431" y="165"/>
<point x="580" y="165"/>
</points>
</Connector>
<Connector class="oracle.dbtools.crest.swingui.logical.TVRelation" oid="478C9C45-634A-7BDA-6C2C-7AFF8F030E64" otype="Relation" vid_source="EF9CD59E-30F1-03F6-116E-B89C8AFFF0DB" vid_target="804F68ED-28DC-E6CF-5536-AE35430F1335">
<hideElementsInCurrentOnly>false</hideElementsInCurrentOnly>
<backgroundColor>-16777216</backgroundColor>
<lineWidth>1</lineWidth>
<points>
<point x="831" y="385"/>
<point x="970" y="385"/>
</points>
</Connector>
<Connector class="oracle.dbtools.crest.swingui.logical.TVRelation" oid="55E7F243-6A97-5634-DD83-F096BE7E7632" otype="Relation" vid_source="8018791B-6843-F0C7-8021-1ACA61CDD558" vid_target="EF9CD59E-30F1-03F6-116E-B89C8AFFF0DB">
<hideElementsInCurrentOnly>false</hideElementsInCurrentOnly>
<backgroundColor>-16777216</backgroundColor>
<lineWidth>1</lineWidth>
<points>
<point x="705" y="231"/>
<point x="705" y="330"/>
</points>
</Connector>
<Connector class="oracle.dbtools.crest.swingui.logical.TVRelation" oid="BA812CC5-09B6-5B95-1A84-38A472FDD859" otype="Relation" vid_source="8018791B-6843-F0C7-8021-1ACA61CDD558" vid_target="B7E95129-F887-9B05-5D3E-1D35E09207EF">
<hideElementsInCurrentOnly>false</hideElementsInCurrentOnly>
<backgroundColor>-16777216</backgroundColor>
<lineWidth>1</lineWidth>
<points>
<point x="831" y="165"/>
<point x="970" y="165"/>
</points>
</Connector>
<Connector class="oracle.dbtools.crest.swingui.logical.TVRelation" oid="E75F5062-DACA-2AF9-82F9-2D7D3CF3F299" otype="Relation" vid_source="EF9CD59E-30F1-03F6-116E-B89C8AFFF0DB" vid_target="79E96539-1B6E-45A6-1940-B133F4D961FA">
<hideElementsInCurrentOnly>false</hideElementsInCurrentOnly>
<backgroundColor>-16777216</backgroundColor>
<lineWidth>1</lineWidth>
<points>
<point x="705" y="461"/>
<point x="705" y="550"/>
</points>
</Connector>
</connectors>
</Diagram>