<?xml version = '1.0' encoding = 'UTF-8'?>
<Relation class="oracle.dbtools.crest.model.design.logical.Relation" name="Relation_12" directorySegmentName="seg_0" id="175A61BC-B283-1CF4-EFFE-09181453AD9B">
<createdBy>nicolas</createdBy>
<createdTime>2024-09-03 00:31:31 UTC</createdTime>
<ownerDesignName>Exp2_S4</ownerDesignName>
<engineerTo>
<item key="881601A3-29A2-C5A9-AEA7-0880FF60A02F" value="true"/>
</engineerTo>
<sourcePk>24E0FB13-9511-89D4-C3BE-198CF179E5A6</sourcePk>
<identifying>false</identifying>
<optionalSource>false</optionalSource>
<optionalTarget>false</optionalTarget>
<sourceCardinality>1</sourceCardinality>
<sourceEntity>F7A719B0-066A-CABD-0E67-117A41B94215</sourceEntity>
<targetCardinalityString>*</targetCardinalityString>
<targetEntity>E2EA175C-6476-4CA7-D764-77DC4A32E249</targetEntity>
<transferable>true</transferable>
<deleteRule>NO ACTION</deleteRule>
</Relation>