<?xml version = '1.0' encoding = 'UTF-8'?>
<Relation class="oracle.dbtools.crest.model.design.logical.Relation" name="Relation_8" directorySegmentName="seg_0" id="55E7F243-6A97-5634-DD83-F096BE7E7632">
<createdBy>nicolas</createdBy>
<createdTime>2024-08-31 21:52:48 UTC</createdTime>
<ownerDesignName>Exp2_S4</ownerDesignName>
<engineerTo>
<item key="881601A3-29A2-C5A9-AEA7-0880FF60A02F" value="true"/>
</engineerTo>
<sourcePk>D164A3EF-E9CE-77F0-10F4-E6C813FD5673</sourcePk>
<targetPk>D9D838ED-0061-B7F6-BBCA-EEEB2F9425AC</targetPk>
<identifying>false</identifying>
<optionalSource>false</optionalSource>
<optionalTarget>false</optionalTarget>
<sourceCardinality>1</sourceCardinality>
<sourceEntity>4C2878E7-7298-4746-80A4-A76D0E41E2F2</sourceEntity>
<targetCardinalityString>1</targetCardinalityString>
<targetEntity>4B47982B-29EE-5B26-67A5-054FAF42D29A</targetEntity>
<transferable>true</transferable>
<deleteRule>NO ACTION</deleteRule>
</Relation>